%time,field.header.seq,field.header.stamp,field.header.frame_id,field.status0.level,field.status0.name,field.status0.message,field.status0.hardware_id,field.status0.values0.key,field.status0.values0.value,field.status0.values1.key,field.status0.values1.value,field.status0.values2.key,field.status0.values2.value,field.status0.values3.key,field.status0.values3.value,field.status0.values4.key,field.status0.values4.value,field.status0.values5.key,field.status0.values5.value,field.status0.values6.key,field.status0.values6.value,field.status0.values7.key,field.status0.values7.value,field.status0.values8.key,field.status0.values8.value,field.status0.values9.key,field.status0.values9.value,field.status1.level,field.status1.name,field.status1.message,field.status1.hardware_id,field.status1.values0.key,field.status1.values0.value,field.status1.values1.key,field.status1.values1.value,field.status1.values2.key,field.status1.values2.value,field.status1.values3.key,field.status1.values3.value,field.status2.level,field.status2.name,field.status2.message,field.status2.hardware_id,field.status2.values0.key,field.status2.values0.value,field.status2.values1.key,field.status2.values1.value,field.status2.values2.key,field.status2.values2.value,field.status2.values3.key,field.status2.values3.value,field.status2.values4.key,field.status2.values4.value,field.status2.values5.key,field.status2.values5.value,field.status3.level,field.status3.name,field.status3.message,field.status3.hardware_id,field.status3.values0.key,field.status3.values0.value,field.status3.values1.key,field.status3.values1.value,field.status3.values2.key,field.status3.values2.value,field.status3.values3.key,field.status3.values3.value,field.status3.values4.key,field.status3.values4.value,field.status3.values5.key,field.status3.values5.value,field.status3.values6.key,field.status3.values6.value,field.status3.values7.key,field.status3.values7.value,field.status3.values8.key,field.status3.values8.value,field.status3.values9.key,field.status3.values9.value,field.status3.values10.key,field.status3.values10.value,field.status3.values11.key,field.status3.values11.value,field.status3.values12.key,field.status3.values12.value,field.status3.values13.key,field.status3.values13.value,field.status3.values14.key,field.status3.values14.value,field.status3.values15.key,field.status3.values15.value,field.status3.values16.key,field.status3.values16.value,field.status3.values17.key,field.status3.values17.value,field.status3.values18.key,field.status3.values18.value,field.status3.values19.key,field.status3.values19.value,field.status3.values20.key,field.status3.values20.value,field.status3.values21.key,field.status3.values21.value,field.status3.values22.key,field.status3.values22.value,field.status4.level,field.status4.name,field.status4.message,field.status4.hardware_id,field.status4.values0.key,field.status4.values0.value,field.status4.values1.key,field.status4.values1.value,field.status4.values2.key,field.status4.values2.value
1538767917653022311,295,1538767917652651143,,0,mavros: FCU connection,connected,udp://127.0.0.1:14551@14555,Received packets:,61586,Dropped packets:,0,Buffer overruns:,0,Parse errors:,0,Rx sequence number:,162,Tx sequence number:,148,Rx total bytes:,1583418,Tx total bytes:,8470,Rx speed:,8905.000000,Tx speed:,42.000000,0,mavros: GPS,3D fix,udp://127.0.0.1:14551@14555,Satellites visible,16,Fix type,4,EPH (m),0.66,EPV (m),0.96,0,mavros: Heartbeat,Normal,udp://127.0.0.1:14551@14555,Heartbeats since startup,380,Frequency (Hz),0.963013,Vehicle type,Fixed wing aircraft,Autopilot type,ArduPilotMega / ArduCopter,Mode,FBWA,System status,Active,2,mavros: System,Sensor helth,udp://127.0.0.1:14551@14555,Sensor present,0x0361FC3F,Sensor enabled,0x01618C3F,Sensor helth,0x0171FC2B,3D gyro,Ok,3D accelerometer,Ok,3D magnetometer,Fail,absolute pressure,Ok,differential pressure,Fail,GPS,Ok,3D angular rate control,Ok,attitude stabilization,Ok,motor outputs / control,Ok,rc receiver,Ok,AHRS subsystem health,Ok,Terrain subsystem health,Ok,Logging,Ok,CPU Load (%),19.3,Drop rate (%),0.0,Errors comm,0,Errors count #1,0,Errors count #2,0,Errors count #3,0,Errors count #4,0,1,mavros: Battery,Low voltage,udp://127.0.0.1:14551@14555,Voltage,0.00,Current,-0.0,Remaining,-1.0
1538767918653349671,296,1538767918652908039,,0,mavros: FCU connection,connected,udp://127.0.0.1:14551@14555,Received packets:,61783,Dropped packets:,0,Buffer overruns:,0,Parse errors:,0,Rx sequence number:,99,Tx sequence number:,149,Rx total bytes:,1589157,Tx total bytes:,8491,Rx speed:,5739.000000,Tx speed:,21.000000,0,mavros: GPS,3D fix,udp://127.0.0.1:14551@14555,Satellites visible,16,Fix type,4,EPH (m),0.66,EPV (m),0.96,0,mavros: Heartbeat,Normal,udp://127.0.0.1:14551@14555,Heartbeats since startup,381,Frequency (Hz),1.000035,Vehicle type,Fixed wing aircraft,Autopilot type,ArduPilotMega / ArduCopter,Mode,GUIDED,System status,Active,2,mavros: System,Sensor helth,udp://127.0.0.1:14551@14555,Sensor present,0x0361FC3F,Sensor enabled,0x0161FC3F,Sensor helth,0x0171FC2B,3D gyro,Ok,3D accelerometer,Ok,3D magnetometer,Fail,absolute pressure,Ok,differential pressure,Fail,GPS,Ok,3D angular rate control,Ok,attitude stabilization,Ok,yaw position,Ok,z/altitude control,Ok,x/y position control,Ok,motor outputs / control,Ok,rc receiver,Ok,AHRS subsystem health,Ok,Terrain subsystem health,Ok,Logging,Ok,CPU Load (%),20.0,Drop rate (%),0.0,Errors comm,0,Errors count #1,0,Errors count #2,0,Errors count #3,0,Errors count #4,0,1,mavros: Battery,Low voltage,udp://127.0.0.1:14551@14555,Voltage,0.00,Current,-0.0,Remaining,-1.0
1538767919654211591,297,1538767919653478983,,0,mavros: FCU connection,connected,udp://127.0.0.1:14551@14555,Received packets:,61977,Dropped packets:,0,Buffer overruns:,0,Parse errors:,0,Rx sequence number:,35,Tx sequence number:,150,Rx total bytes:,1594838,Tx total bytes:,8512,Rx speed:,5681.000000,Tx speed:,21.000000,0,mavros: GPS,3D fix,udp://127.0.0.1:14551@14555,Satellites visible,16,Fix type,4,EPH (m),0.66,EPV (m),0.96,0,mavros: Heartbeat,Normal,udp://127.0.0.1:14551@14555,Heartbeats since startup,382,Frequency (Hz),0.959987,Vehicle type,Fixed wing aircraft,Autopilot type,ArduPilotMega / ArduCopter,Mode,GUIDED,System status,Active,2,mavros: System,Sensor helth,udp://127.0.0.1:14551@14555,Sensor present,0x0361FC3F,Sensor enabled,0x0161FC3F,Sensor helth,0x0171FC2B,3D gyro,Ok,3D accelerometer,Ok,3D magnetometer,Fail,absolute pressure,Ok,differential pressure,Fail,GPS,Ok,3D angular rate control,Ok,attitude stabilization,Ok,yaw position,Ok,z/altitude control,Ok,x/y position control,Ok,motor outputs / control,Ok,rc receiver,Ok,AHRS subsystem health,Ok,Terrain subsystem health,Ok,Logging,Ok,CPU Load (%),20.1,Drop rate (%),0.0,Errors comm,0,Errors count #1,0,Errors count #2,0,Errors count #3,0,Errors count #4,0,1,mavros: Battery,Low voltage,udp://127.0.0.1:14551@14555,Voltage,0.00,Current,-0.0,Remaining,-1.0
1538767921153895303,298,1538767921153388423,,0,mavros: FCU connection,connected,udp://127.0.0.1:14551@14555,Received packets:,62274,Dropped packets:,0,Buffer overruns:,0,Parse errors:,0,Rx sequence number:,72,Tx sequence number:,151,Rx total bytes:,1603481,Tx total bytes:,8533,Rx speed:,8643.000000,Tx speed:,21.000000,0,mavros: GPS,3D fix,udp://127.0.0.1:14551@14555,Satellites visible,17,Fix type,4,EPH (m),0.63,EPV (m),0.91,0,mavros: Heartbeat,Normal,udp://127.0.0.1:14551@14555,Heartbeats since startup,384,Frequency (Hz),1.040078,Vehicle type,Fixed wing aircraft,Autopilot type,ArduPilotMega / ArduCopter,Mode,GUIDED,System status,Active,2,mavros: System,Sensor helth,udp://127.0.0.1:14551@14555,Sensor present,0x0361FC3F,Sensor enabled,0x0161FC3F,Sensor helth,0x0171FC2B,3D gyro,Ok,3D accelerometer,Ok,3D magnetometer,Fail,absolute pressure,Ok,differential pressure,Fail,GPS,Ok,3D angular rate control,Ok,attitude stabilization,Ok,yaw position,Ok,z/altitude control,Ok,x/y position control,Ok,motor outputs / control,Ok,rc receiver,Ok,AHRS subsystem health,Ok,Terrain subsystem health,Ok,Logging,Ok,CPU Load (%),20.6,Drop rate (%),0.0,Errors comm,0,Errors count #1,0,Errors count #2,0,Errors count #3,0,Errors count #4,0,1,mavros: Battery,Low voltage,udp://127.0.0.1:14551@14555,Voltage,0.00,Current,-0.0,Remaining,-1.0
1538767922653951271,299,1538767922653612231,,0,mavros: FCU connection,connected,udp://127.0.0.1:14551@14555,Received packets:,62569,Dropped packets:,0,Buffer overruns:,0,Parse errors:,0,Rx sequence number:,109,Tx sequence number:,153,Rx total bytes:,1612128,Tx total bytes:,8575,Rx speed:,8647.000000,Tx speed:,42.000000,0,mavros: GPS,3D fix,udp://127.0.0.1:14551@14555,Satellites visible,17,Fix type,4,EPH (m),0.63,EPV (m),0.91,0,mavros: Heartbeat,Normal,udp://127.0.0.1:14551@14555,Heartbeats since startup,385,Frequency (Hz),0.959908,Vehicle type,Fixed wing aircraft,Autopilot type,ArduPilotMega / ArduCopter,Mode,GUIDED,System status,Active,2,mavros: System,Sensor helth,udp://127.0.0.1:14551@14555,Sensor present,0x0361FC3F,Sensor enabled,0x0161FC3F,Sensor helth,0x0171FC2B,3D gyro,Ok,3D accelerometer,Ok,3D magnetometer,Fail,absolute pressure,Ok,differential pressure,Fail,GPS,Ok,3D angular rate control,Ok,attitude stabilization,Ok,yaw position,Ok,z/altitude control,Ok,x/y position control,Ok,motor outputs / control,Ok,rc receiver,Ok,AHRS subsystem health,Ok,Terrain subsystem health,Ok,Logging,Ok,CPU Load (%),19.8,Drop rate (%),0.0,Errors comm,0,Errors count #1,0,Errors count #2,0,Errors count #3,0,Errors count #4,0,1,mavros: Battery,Low voltage,udp://127.0.0.1:14551@14555,Voltage,0.00,Current,-0.0,Remaining,-1.0
1538767924153112807,300,1538767924152830983,,0,mavros: FCU connection,connected,udp://127.0.0.1:14551@14555,Received packets:,62884,Dropped packets:,0,Buffer overruns:,0,Parse errors:,0,Rx sequence number:,164,Tx sequence number:,154,Rx total bytes:,1621359,Tx total bytes:,8596,Rx speed:,9231.000000,Tx speed:,21.000000,0,mavros: GPS,3D fix,udp://127.0.0.1:14551@14555,Satellites visible,17,Fix type,4,EPH (m),0.63,EPV (m),0.91,0,mavros: Heartbeat,Normal,udp://127.0.0.1:14551@14555,Heartbeats since startup,387,Frequency (Hz),1.000033,Vehicle type,Fixed wing aircraft,Autopilot type,ArduPilotMega / ArduCopter,Mode,GUIDED,System status,Active,2,mavros: System,Sensor helth,udp://127.0.0.1:14551@14555,Sensor present,0x0361FC3F,Sensor enabled,0x0161FC3F,Sensor helth,0x0171FC2B,3D gyro,Ok,3D accelerometer,Ok,3D magnetometer,Fail,absolute pressure,Ok,differential pressure,Fail,GPS,Ok,3D angular rate control,Ok,attitude stabilization,Ok,yaw position,Ok,z/altitude control,Ok,x/y position control,Ok,motor outputs / control,Ok,rc receiver,Ok,AHRS subsystem health,Ok,Terrain subsystem health,Ok,Logging,Ok,CPU Load (%),19.7,Drop rate (%),0.0,Errors comm,0,Errors count #1,0,Errors count #2,0,Errors count #3,0,Errors count #4,0,1,mavros: Battery,Low voltage,udp://127.0.0.1:14551@14555,Voltage,0.00,Current,-0.0,Remaining,-1.0
1538767925153495335,301,1538767925153174215,,0,mavros: FCU connection,connected,udp://127.0.0.1:14551@14555,Received packets:,63086,Dropped packets:,0,Buffer overruns:,0,Parse errors:,0,Rx sequence number:,108,Tx sequence number:,155,Rx total bytes:,1627267,Tx total bytes:,8617,Rx speed:,5908.000000,Tx speed:,21.000000,0,mavros: GPS,3D fix,udp://127.0.0.1:14551@14555,Satellites visible,17,Fix type,4,EPH (m),0.63,EPV (m),0.91,0,mavros: Heartbeat,Normal,udp://127.0.0.1:14551@14555,Heartbeats since startup,388,Frequency (Hz),1.039940,Vehicle type,Fixed wing aircraft,Autopilot type,ArduPilotMega / ArduCopter,Mode,GUIDED,System status,Active,2,mavros: System,Sensor helth,udp://127.0.0.1:14551@14555,Sensor present,0x0361FC3F,Sensor enabled,0x0161FC3F,Sensor helth,0x0171FC2B,3D gyro,Ok,3D accelerometer,Ok,3D magnetometer,Fail,absolute pressure,Ok,differential pressure,Fail,GPS,Ok,3D angular rate control,Ok,attitude stabilization,Ok,yaw position,Ok,z/altitude control,Ok,x/y position control,Ok,motor outputs / control,Ok,rc receiver,Ok,AHRS subsystem health,Ok,Terrain subsystem health,Ok,Logging,Ok,CPU Load (%),19.8,Drop rate (%),0.0,Errors comm,0,Errors count #1,0,Errors count #2,0,Errors count #3,0,Errors count #4,0,1,mavros: Battery,Low voltage,udp://127.0.0.1:14551@14555,Voltage,0.00,Current,-0.0,Remaining,-1.0
1538767926153878055,302,1538767926153454663,,0,mavros: FCU connection,connected,udp://127.0.0.1:14551@14555,Received packets:,63286,Dropped packets:,0,Buffer overruns:,0,Parse errors:,0,Rx sequence number:,50,Tx sequence number:,156,Rx total bytes:,1633103,Tx total bytes:,8638,Rx speed:,5836.000000,Tx speed:,21.000000,0,mavros: GPS,3D fix,udp://127.0.0.1:14551@14555,Satellites visible,17,Fix type,4,EPH (m),0.63,EPV (m),0.91,0,mavros: Heartbeat,Normal,udp://127.0.0.1:14551@14555,Heartbeats since startup,389,Frequency (Hz),1.039990,Vehicle type,Fixed wing aircraft,Autopilot type,ArduPilotMega / ArduCopter,Mode,GUIDED,System status,Active,2,mavros: System,Sensor helth,udp://127.0.0.1:14551@14555,Sensor present,0x0361FC3F,Sensor enabled,0x0161FC3F,Sensor helth,0x0171FC2B,3D gyro,Ok,3D accelerometer,Ok,3D magnetometer,Fail,absolute pressure,Ok,differential pressure,Fail,GPS,Ok,3D angular rate control,Ok,attitude stabilization,Ok,yaw position,Ok,z/altitude control,Ok,x/y position control,Ok,motor outputs / control,Ok,rc receiver,Ok,AHRS subsystem health,Ok,Terrain subsystem health,Ok,Logging,Ok,CPU Load (%),19.6,Drop rate (%),0.0,Errors comm,0,Errors count #1,0,Errors count #2,0,Errors count #3,0,Errors count #4,0,1,mavros: Battery,Low voltage,udp://127.0.0.1:14551@14555,Voltage,0.00,Current,-0.0,Remaining,-1.0
1538767927653720167,303,1538767927652425863,,0,mavros: FCU connection,connected,udp://127.0.0.1:14551@14555,Received packets:,63603,Dropped packets:,0,Buffer overruns:,0,Parse errors:,0,Rx sequence number:,109,Tx sequence number:,158,Rx total bytes:,1642436,Tx total bytes:,8680,Rx speed:,9333.000000,Tx speed:,42.000000,0,mavros: GPS,3D fix,udp://127.0.0.1:14551@14555,Satellites visible,16,Fix type,4,EPH (m),0.66,EPV (m),0.93,0,mavros: Heartbeat,Normal,udp://127.0.0.1:14551@14555,Heartbeats since startup,390,Frequency (Hz),0.960070,Vehicle type,Fixed wing aircraft,Autopilot type,ArduPilotMega / ArduCopter,Mode,GUIDED,System status,Active,2,mavros: System,Sensor helth,udp://127.0.0.1:14551@14555,Sensor present,0x0361FC3F,Sensor enabled,0x0161FC3F,Sensor helth,0x0171FC2B,3D gyro,Ok,3D accelerometer,Ok,3D magnetometer,Fail,absolute pressure,Ok,differential pressure,Fail,GPS,Ok,3D angular rate control,Ok,attitude stabilization,Ok,yaw position,Ok,z/altitude control,Ok,x/y position control,Ok,motor outputs / control,Ok,rc receiver,Ok,AHRS subsystem health,Ok,Terrain subsystem health,Ok,Logging,Ok,CPU Load (%),20.3,Drop rate (%),0.0,Errors comm,0,Errors count #1,0,Errors count #2,0,Errors count #3,0,Errors count #4,0,1,mavros: Battery,Low voltage,udp://127.0.0.1:14551@14555,Voltage,0.00,Current,-0.0,Remaining,-1.0
1538767928655352071,304,1538767928653210023,,0,mavros: FCU connection,connected,udp://127.0.0.1:14551@14555,Received packets:,63806,Dropped packets:,0,Buffer overruns:,0,Parse errors:,0,Rx sequence number:,54,Tx sequence number:,159,Rx total bytes:,1648417,Tx total bytes:,8701,Rx speed:,5981.000000,Tx speed:,21.000000,0,mavros: GPS,3D fix,udp://127.0.0.1:14551@14555,Satellites visible,16,Fix type,4,EPH (m),0.66,EPV (m),0.93,0,mavros: Heartbeat,Normal,udp://127.0.0.1:14551@14555,Heartbeats since startup,391,Frequency (Hz),0.960023,Vehicle type,Fixed wing aircraft,Autopilot type,ArduPilotMega / ArduCopter,Mode,GUIDED,System status,Active,2,mavros: System,Sensor helth,udp://127.0.0.1:14551@14555,Sensor present,0x0361FC3F,Sensor enabled,0x0161FC3F,Sensor helth,0x0171FC2B,3D gyro,Ok,3D accelerometer,Ok,3D magnetometer,Fail,absolute pressure,Ok,differential pressure,Fail,GPS,Ok,3D angular rate control,Ok,attitude stabilization,Ok,yaw position,Ok,z/altitude control,Ok,x/y position control,Ok,motor outputs / control,Ok,rc receiver,Ok,AHRS subsystem health,Ok,Terrain subsystem health,Ok,Logging,Ok,CPU Load (%),19.8,Drop rate (%),0.0,Errors comm,0,Errors count #1,0,Errors count #2,0,Errors count #3,0,Errors count #4,0,1,mavros: Battery,Low voltage,udp://127.0.0.1:14551@14555,Voltage,0.00,Current,-0.0,Remaining,-1.0
1538767930157550503,305,1538767930156961607,,0,mavros: FCU connection,connected,udp://127.0.0.1:14551@14555,Received packets:,64101,Dropped packets:,0,Buffer overruns:,0,Parse errors:,0,Rx sequence number:,89,Tx sequence number:,160,Rx total bytes:,1656958,Tx total bytes:,8722,Rx speed:,8541.000000,Tx speed:,21.000000,0,mavros: GPS,3D fix,udp://127.0.0.1:14551@14555,Satellites visible,16,Fix type,4,EPH (m),0.66,EPV (m),0.93,0,mavros: Heartbeat,Normal,udp://127.0.0.1:14551@14555,Heartbeats since startup,393,Frequency (Hz),1.039737,Vehicle type,Fixed wing aircraft,Autopilot type,ArduPilotMega / ArduCopter,Mode,GUIDED,System status,Active,2,mavros: System,Sensor helth,udp://127.0.0.1:14551@14555,Sensor present,0x0361FC3F,Sensor enabled,0x0161FC3F,Sensor helth,0x0171FC2B,3D gyro,Ok,3D accelerometer,Ok,3D magnetometer,Fail,absolute pressure,Ok,differential pressure,Fail,GPS,Ok,3D angular rate control,Ok,attitude stabilization,Ok,yaw position,Ok,z/altitude control,Ok,x/y position control,Ok,motor outputs / control,Ok,rc receiver,Ok,AHRS subsystem health,Ok,Terrain subsystem health,Ok,Logging,Ok,CPU Load (%),19.7,Drop rate (%),0.0,Errors comm,0,Errors count #1,0,Errors count #2,0,Errors count #3,0,Errors count #4,0,1,mavros: Battery,Low voltage,udp://127.0.0.1:14551@14555,Voltage,0.00,Current,-0.0,Remaining,-1.0
1538767931653525799,306,1538767931653207335,,0,mavros: FCU connection,connected,udp://127.0.0.1:14551@14555,Received packets:,64401,Dropped packets:,0,Buffer overruns:,0,Parse errors:,0,Rx sequence number:,131,Tx sequence number:,162,Rx total bytes:,1665792,Tx total bytes:,8764,Rx speed:,8834.000000,Tx speed:,42.000000,0,mavros: GPS,3D fix,udp://127.0.0.1:14551@14555,Satellites visible,16,Fix type,4,EPH (m),0.66,EPV (m),0.93,0,mavros: Heartbeat,Normal,udp://127.0.0.1:14551@14555,Heartbeats since startup,394,Frequency (Hz),0.999957,Vehicle type,Fixed wing aircraft,Autopilot type,ArduPilotMega / ArduCopter,Mode,GUIDED,System status,Active,2,mavros: System,Sensor helth,udp://127.0.0.1:14551@14555,Sensor present,0x0361FC3F,Sensor enabled,0x0161FC3F,Sensor helth,0x0171FC2B,3D gyro,Ok,3D accelerometer,Ok,3D magnetometer,Fail,absolute pressure,Ok,differential pressure,Fail,GPS,Ok,3D angular rate control,Ok,attitude stabilization,Ok,yaw position,Ok,z/altitude control,Ok,x/y position control,Ok,motor outputs / control,Ok,rc receiver,Ok,AHRS subsystem health,Ok,Terrain subsystem health,Ok,Logging,Ok,CPU Load (%),19.7,Drop rate (%),0.0,Errors comm,0,Errors count #1,0,Errors count #2,0,Errors count #3,0,Errors count #4,0,1,mavros: Battery,Low voltage,udp://127.0.0.1:14551@14555,Voltage,0.00,Current,-0.0,Remaining,-1.0
1538767933154170471,307,1538767933153641383,,0,mavros: FCU connection,connected,udp://127.0.0.1:14551@14555,Received packets:,64698,Dropped packets:,0,Buffer overruns:,0,Parse errors:,0,Rx sequence number:,168,Tx sequence number:,163,Rx total bytes:,1674541,Tx total bytes:,8785,Rx speed:,8749.000000,Tx speed:,21.000000,0,mavros: GPS,3D fix,udp://127.0.0.1:14551@14555,Satellites visible,16,Fix type,4,EPH (m),0.66,EPV (m),0.93,0,mavros: Heartbeat,Normal,udp://127.0.0.1:14551@14555,Heartbeats since startup,396,Frequency (Hz),1.037012,Vehicle type,Fixed wing aircraft,Autopilot type,ArduPilotMega / ArduCopter,Mode,GUIDED,System status,Active,2,mavros: System,Sensor helth,udp://127.0.0.1:14551@14555,Sensor present,0x0361FC3F,Sensor enabled,0x0161FC3F,Sensor helth,0x0171FC2B,3D gyro,Ok,3D accelerometer,Ok,3D magnetometer,Fail,absolute pressure,Ok,differential pressure,Fail,GPS,Ok,3D angular rate control,Ok,attitude stabilization,Ok,yaw position,Ok,z/altitude control,Ok,x/y position control,Ok,motor outputs / control,Ok,rc receiver,Ok,AHRS subsystem health,Ok,Terrain subsystem health,Ok,Logging,Ok,CPU Load (%),20.8,Drop rate (%),0.0,Errors comm,0,Errors count #1,0,Errors count #2,0,Errors count #3,0,Errors count #4,0,1,mavros: Battery,Low voltage,udp://127.0.0.1:14551@14555,Voltage,0.00,Current,-0.0,Remaining,-1.0
1538767934653538407,308,1538767934653272551,,0,mavros: FCU connection,connected,udp://127.0.0.1:14551@14555,Received packets:,64999,Dropped packets:,0,Buffer overruns:,0,Parse errors:,0,Rx sequence number:,211,Tx sequence number:,165,Rx total bytes:,1683324,Tx total bytes:,8827,Rx speed:,8783.000000,Tx speed:,42.000000,0,mavros: GPS,3D fix,udp://127.0.0.1:14551@14555,Satellites visible,15,Fix type,4,EPH (m),0.69,EPV (m),0.97,0,mavros: Heartbeat,Normal,udp://127.0.0.1:14551@14555,Heartbeats since startup,397,Frequency (Hz),0.962951,Vehicle type,Fixed wing aircraft,Autopilot type,ArduPilotMega / ArduCopter,Mode,GUIDED,System status,Active,2,mavros: System,Sensor helth,udp://127.0.0.1:14551@14555,Sensor present,0x0361FC3F,Sensor enabled,0x0161FC3F,Sensor helth,0x0171FC2B,3D gyro,Ok,3D accelerometer,Ok,3D magnetometer,Fail,absolute pressure,Ok,differential pressure,Fail,GPS,Ok,3D angular rate control,Ok,attitude stabilization,Ok,yaw position,Ok,z/altitude control,Ok,x/y position control,Ok,motor outputs / control,Ok,rc receiver,Ok,AHRS subsystem health,Ok,Terrain subsystem health,Ok,Logging,Ok,CPU Load (%),20.0,Drop rate (%),0.0,Errors comm,0,Errors count #1,0,Errors count #2,0,Errors count #3,0,Errors count #4,0,1,mavros: Battery,Low voltage,udp://127.0.0.1:14551@14555,Voltage,0.00,Current,-0.0,Remaining,-1.0
1538767936153542183,309,1538767936153233543,,0,mavros: FCU connection,connected,udp://127.0.0.1:14551@14555,Received packets:,65302,Dropped packets:,0,Buffer overruns:,0,Parse errors:,0,Rx sequence number:,254,Tx sequence number:,166,Rx total bytes:,1692195,Tx total bytes:,8848,Rx speed:,8871.000000,Tx speed:,21.000000,0,mavros: GPS,3D fix,udp://127.0.0.1:14551@14555,Satellites visible,15,Fix type,4,EPH (m),0.69,EPV (m),0.97,0,mavros: Heartbeat,Normal,udp://127.0.0.1:14551@14555,Heartbeats since startup,399,Frequency (Hz),1.037067,Vehicle type,Fixed wing aircraft,Autopilot type,ArduPilotMega / ArduCopter,Mode,GUIDED,System status,Active,2,mavros: System,Sensor helth,udp://127.0.0.1:14551@14555,Sensor present,0x0361FC3F,Sensor enabled,0x0161FC3F,Sensor helth,0x0171FC2B,3D gyro,Ok,3D accelerometer,Ok,3D magnetometer,Fail,absolute pressure,Ok,differential pressure,Fail,GPS,Ok,3D angular rate control,Ok,attitude stabilization,Ok,yaw position,Ok,z/altitude control,Ok,x/y position control,Ok,motor outputs / control,Ok,rc receiver,Ok,AHRS subsystem health,Ok,Terrain subsystem health,Ok,Logging,Ok,CPU Load (%),19.8,Drop rate (%),0.0,Errors comm,0,Errors count #1,0,Errors count #2,0,Errors count #3,0,Errors count #4,0,1,mavros: Battery,Low voltage,udp://127.0.0.1:14551@14555,Voltage,0.00,Current,-0.0,Remaining,-1.0
1538767937653524967,310,1538767937653085031,,0,mavros: FCU connection,connected,udp://127.0.0.1:14551@14555,Received packets:,79,Dropped packets:,0,Buffer overruns:,0,Parse errors:,0,Rx sequence number:,53,Tx sequence number:,168,Rx total bytes:,1701373,Tx total bytes:,8890,Rx speed:,9178.000000,Tx speed:,42.000000,0,mavros: GPS,3D fix,udp://127.0.0.1:14551@14555,Satellites visible,16,Fix type,4,EPH (m),0.66,EPV (m),0.96,0,mavros: Heartbeat,Normal,udp://127.0.0.1:14551@14555,Heartbeats since startup,400,Frequency (Hz),0.962959,Vehicle type,Fixed wing aircraft,Autopilot type,ArduPilotMega / ArduCopter,Mode,GUIDED,System status,Active,2,mavros: System,Sensor helth,udp://127.0.0.1:14551@14555,Sensor present,0x0361FC3F,Sensor enabled,0x0161FC3F,Sensor helth,0x0171FC2B,3D gyro,Ok,3D accelerometer,Ok,3D magnetometer,Fail,absolute pressure,Ok,differential pressure,Fail,GPS,Ok,3D angular rate control,Ok,attitude stabilization,Ok,yaw position,Ok,z/altitude control,Ok,x/y position control,Ok,motor outputs / control,Ok,rc receiver,Ok,AHRS subsystem health,Ok,Terrain subsystem health,Ok,Logging,Ok,CPU Load (%),20.3,Drop rate (%),0.0,Errors comm,0,Errors count #1,0,Errors count #2,0,Errors count #3,0,Errors count #4,0,1,mavros: Battery,Low voltage,udp://127.0.0.1:14551@14555,Voltage,0.00,Current,-0.0,Remaining,-1.0
1538767938653300455,311,1538767938653021767,,0,mavros: FCU connection,connected,udp://127.0.0.1:14551@14555,Received packets:,274,Dropped packets:,0,Buffer overruns:,0,Parse errors:,0,Rx sequence number:,246,Tx sequence number:,169,Rx total bytes:,1707130,Tx total bytes:,8911,Rx speed:,5757.000000,Tx speed:,21.000000,0,mavros: GPS,3D fix,udp://127.0.0.1:14551@14555,Satellites visible,17,Fix type,4,EPH (m),0.63,EPV (m),0.92,0,mavros: Heartbeat,Normal,udp://127.0.0.1:14551@14555,Heartbeats since startup,401,Frequency (Hz),0.962972,Vehicle type,Fixed wing aircraft,Autopilot type,ArduPilotMega / ArduCopter,Mode,GUIDED,System status,Active,2,mavros: System,Sensor helth,udp://127.0.0.1:14551@14555,Sensor present,0x0361FC3F,Sensor enabled,0x0161FC3F,Sensor helth,0x0171FC2B,3D gyro,Ok,3D accelerometer,Ok,3D magnetometer,Fail,absolute pressure,Ok,differential pressure,Fail,GPS,Ok,3D angular rate control,Ok,attitude stabilization,Ok,yaw position,Ok,z/altitude control,Ok,x/y position control,Ok,motor outputs / control,Ok,rc receiver,Ok,AHRS subsystem health,Ok,Terrain subsystem health,Ok,Logging,Ok,CPU Load (%),21.2,Drop rate (%),0.0,Errors comm,0,Errors count #1,0,Errors count #2,0,Errors count #3,0,Errors count #4,0,1,mavros: Battery,Low voltage,udp://127.0.0.1:14551@14555,Voltage,0.00,Current,-0.0,Remaining,-1.0
1538767940153080487,312,1538767940152751335,,0,mavros: FCU connection,connected,udp://127.0.0.1:14551@14555,Received packets:,584,Dropped packets:,0,Buffer overruns:,0,Parse errors:,0,Rx sequence number:,40,Tx sequence number:,170,Rx total bytes:,1716239,Tx total bytes:,8932,Rx speed:,9109.000000,Tx speed:,21.000000,0,mavros: GPS,3D fix,udp://127.0.0.1:14551@14555,Satellites visible,16,Fix type,4,EPH (m),0.69,EPV (m),0.99,0,mavros: Heartbeat,Normal,udp://127.0.0.1:14551@14555,Heartbeats since startup,403,Frequency (Hz),1.000047,Vehicle type,Fixed wing aircraft,Autopilot type,ArduPilotMega / ArduCopter,Mode,GUIDED,System status,Active,2,mavros: System,Sensor helth,udp://127.0.0.1:14551@14555,Sensor present,0x0361FC3F,Sensor enabled,0x0161FC3F,Sensor helth,0x0171FC2B,3D gyro,Ok,3D accelerometer,Ok,3D magnetometer,Fail,absolute pressure,Ok,differential pressure,Fail,GPS,Ok,3D angular rate control,Ok,attitude stabilization,Ok,yaw position,Ok,z/altitude control,Ok,x/y position control,Ok,motor outputs / control,Ok,rc receiver,Ok,AHRS subsystem health,Ok,Terrain subsystem health,Ok,Logging,Ok,CPU Load (%),20.0,Drop rate (%),0.0,Errors comm,0,Errors count #1,0,Errors count #2,0,Errors count #3,0,Errors count #4,0,1,mavros: Battery,Low voltage,udp://127.0.0.1:14551@14555,Voltage,0.00,Current,-0.0,Remaining,-1.0
1538767941154388647,313,1538767941154066055,,0,mavros: FCU connection,connected,udp://127.0.0.1:14551@14555,Received packets:,793,Dropped packets:,0,Buffer overruns:,0,Parse errors:,0,Rx sequence number:,247,Tx sequence number:,171,Rx total bytes:,1722310,Tx total bytes:,8953,Rx speed:,6071.000000,Tx speed:,21.000000,0,mavros: GPS,3D fix,udp://127.0.0.1:14551@14555,Satellites visible,16,Fix type,4,EPH (m),0.69,EPV (m),0.99,0,mavros: Heartbeat,Normal,udp://127.0.0.1:14551@14555,Heartbeats since startup,404,Frequency (Hz),1.036969,Vehicle type,Fixed wing aircraft,Autopilot type,ArduPilotMega / ArduCopter,Mode,GUIDED,System status,Active,2,mavros: System,Sensor helth,udp://127.0.0.1:14551@14555,Sensor present,0x0361FC3F,Sensor enabled,0x0161FC3F,Sensor helth,0x0171FC2B,3D gyro,Ok,3D accelerometer,Ok,3D magnetometer,Fail,absolute pressure,Ok,differential pressure,Fail,GPS,Ok,3D angular rate control,Ok,attitude stabilization,Ok,yaw position,Ok,z/altitude control,Ok,x/y position control,Ok,motor outputs / control,Ok,rc receiver,Ok,AHRS subsystem health,Ok,Terrain subsystem health,Ok,Logging,Ok,CPU Load (%),19.7,Drop rate (%),0.0,Errors comm,0,Errors count #1,0,Errors count #2,0,Errors count #3,0,Errors count #4,0,1,mavros: Battery,Low voltage,udp://127.0.0.1:14551@14555,Voltage,0.00,Current,-0.0,Remaining,-1.0
1538767942654031911,314,1538767942653484935,,0,mavros: FCU connection,connected,udp://127.0.0.1:14551@14555,Received packets:,1103,Dropped packets:,0,Buffer overruns:,0,Parse errors:,0,Rx sequence number:,43,Tx sequence number:,173,Rx total bytes:,1731432,Tx total bytes:,8995,Rx speed:,9122.000000,Tx speed:,42.000000,0,mavros: GPS,3D fix,udp://127.0.0.1:14551@14555,Satellites visible,14,Fix type,4,EPH (m),0.79,EPV (m),1.21,0,mavros: Heartbeat,Normal,udp://127.0.0.1:14551@14555,Heartbeats since startup,405,Frequency (Hz),0.999999,Vehicle type,Fixed wing aircraft,Autopilot type,ArduPilotMega / ArduCopter,Mode,GUIDED,System status,Active,2,mavros: System,Sensor helth,udp://127.0.0.1:14551@14555,Sensor present,0x0361FC3F,Sensor enabled,0x0161FC3F,Sensor helth,0x0171FC2B,3D gyro,Ok,3D accelerometer,Ok,3D magnetometer,Fail,absolute pressure,Ok,differential pressure,Fail,GPS,Ok,3D angular rate control,Ok,attitude stabilization,Ok,yaw position,Ok,z/altitude control,Ok,x/y position control,Ok,motor outputs / control,Ok,rc receiver,Ok,AHRS subsystem health,Ok,Terrain subsystem health,Ok,Logging,Ok,CPU Load (%),19.9,Drop rate (%),0.0,Errors comm,0,Errors count #1,0,Errors count #2,0,Errors count #3,0,Errors count #4,0,1,mavros: Battery,Low voltage,udp://127.0.0.1:14551@14555,Voltage,0.00,Current,-0.0,Remaining,-1.0
1538767944154587111,315,1538767944153986023,,0,mavros: FCU connection,connected,udp://127.0.0.1:14551@14555,Received packets:,1404,Dropped packets:,0,Buffer overruns:,0,Parse errors:,0,Rx sequence number:,84,Tx sequence number:,174,Rx total bytes:,1740209,Tx total bytes:,9016,Rx speed:,8777.000000,Tx speed:,21.000000,0,mavros: GPS,3D fix,udp://127.0.0.1:14551@14555,Satellites visible,14,Fix type,4,EPH (m),0.79,EPV (m),1.21,0,mavros: Heartbeat,Normal,udp://127.0.0.1:14551@14555,Heartbeats since startup,407,Frequency (Hz),1.000167,Vehicle type,Fixed wing aircraft,Autopilot type,ArduPilotMega / ArduCopter,Mode,GUIDED,System status,Active,2,mavros: System,Sensor helth,udp://127.0.0.1:14551@14555,Sensor present,0x0361FC3F,Sensor enabled,0x0161FC3F,Sensor helth,0x0171FC2B,3D gyro,Ok,3D accelerometer,Ok,3D magnetometer,Fail,absolute pressure,Ok,differential pressure,Fail,GPS,Ok,3D angular rate control,Ok,attitude stabilization,Ok,yaw position,Ok,z/altitude control,Ok,x/y position control,Ok,motor outputs / control,Ok,rc receiver,Ok,AHRS subsystem health,Ok,Terrain subsystem health,Ok,Logging,Ok,CPU Load (%),20.5,Drop rate (%),0.0,Errors comm,0,Errors count #1,0,Errors count #2,0,Errors count #3,0,Errors count #4,0,1,mavros: Battery,Low voltage,udp://127.0.0.1:14551@14555,Voltage,0.00,Current,-0.0,Remaining,-1.0
1538767945159987751,316,1538767945156796359,,0,mavros: FCU connection,connected,udp://127.0.0.1:14551@14555,Received packets:,1610,Dropped packets:,0,Buffer overruns:,0,Parse errors:,0,Rx sequence number:,32,Tx sequence number:,175,Rx total bytes:,1746234,Tx total bytes:,9037,Rx speed:,6025.000000,Tx speed:,21.000000,0,mavros: GPS,3D fix,udp://127.0.0.1:14551@14555,Satellites visible,15,Fix type,4,EPH (m),0.71,EPV (m),1.05,0,mavros: Heartbeat,Normal,udp://127.0.0.1:14551@14555,Heartbeats since startup,408,Frequency (Hz),1.036770,Vehicle type,Fixed wing aircraft,Autopilot type,ArduPilotMega / ArduCopter,Mode,GUIDED,System status,Active,2,mavros: System,Sensor helth,udp://127.0.0.1:14551@14555,Sensor present,0x0361FC3F,Sensor enabled,0x0161FC3F,Sensor helth,0x0171FC2B,3D gyro,Ok,3D accelerometer,Ok,3D magnetometer,Fail,absolute pressure,Ok,differential pressure,Fail,GPS,Ok,3D angular rate control,Ok,attitude stabilization,Ok,yaw position,Ok,z/altitude control,Ok,x/y position control,Ok,motor outputs / control,Ok,rc receiver,Ok,AHRS subsystem health,Ok,Terrain subsystem health,Ok,Logging,Ok,CPU Load (%),20.7,Drop rate (%),0.0,Errors comm,0,Errors count #1,0,Errors count #2,0,Errors count #3,0,Errors count #4,0,1,mavros: Battery,Low voltage,udp://127.0.0.1:14551@14555,Voltage,0.00,Current,-0.0,Remaining,-1.0
1538767946653694759,317,1538767946653350759,,0,mavros: FCU connection,connected,udp://127.0.0.1:14551@14555,Received packets:,1919,Dropped packets:,0,Buffer overruns:,0,Parse errors:,0,Rx sequence number:,83,Tx sequence number:,177,Rx total bytes:,1755277,Tx total bytes:,9079,Rx speed:,9043.000000,Tx speed:,42.000000,0,mavros: GPS,3D fix,udp://127.0.0.1:14551@14555,Satellites visible,15,Fix type,4,EPH (m),0.71,EPV (m),1.05,0,mavros: Heartbeat,Normal,udp://127.0.0.1:14551@14555,Heartbeats since startup,409,Frequency (Hz),0.962968,Vehicle type,Fixed wing aircraft,Autopilot type,ArduPilotMega / ArduCopter,Mode,GUIDED,System status,Active,2,mavros: System,Sensor helth,udp://127.0.0.1:14551@14555,Sensor present,0x0361FC3F,Sensor enabled,0x0161FC3F,Sensor helth,0x0171FC2B,3D gyro,Ok,3D accelerometer,Ok,3D magnetometer,Fail,absolute pressure,Ok,differential pressure,Fail,GPS,Ok,3D angular rate control,Ok,attitude stabilization,Ok,yaw position,Ok,z/altitude control,Ok,x/y position control,Ok,motor outputs / control,Ok,rc receiver,Ok,AHRS subsystem health,Ok,Terrain subsystem health,Ok,Logging,Ok,CPU Load (%),20.0,Drop rate (%),0.0,Errors comm,0,Errors count #1,0,Errors count #2,0,Errors count #3,0,Errors count #4,0,1,mavros: Battery,Low voltage,udp://127.0.0.1:14551@14555,Voltage,0.00,Current,-0.0,Remaining,-1.0
1538767948153414215,318,1538767948153083559,,0,mavros: FCU connection,connected,udp://127.0.0.1:14551@14555,Received packets:,2217,Dropped packets:,0,Buffer overruns:,0,Parse errors:,0,Rx sequence number:,121,Tx sequence number:,178,Rx total bytes:,1763946,Tx total bytes:,9100,Rx speed:,8669.000000,Tx speed:,21.000000,0,mavros: GPS,3D fix,udp://127.0.0.1:14551@14555,Satellites visible,15,Fix type,4,EPH (m),0.71,EPV (m),1.05,0,mavros: Heartbeat,Normal,udp://127.0.0.1:14551@14555,Heartbeats since startup,411,Frequency (Hz),1.037057,Vehicle type,Fixed wing aircraft,Autopilot type,ArduPilotMega / ArduCopter,Mode,GUIDED,System status,Active,2,mavros: System,Sensor helth,udp://127.0.0.1:14551@14555,Sensor present,0x0361FC3F,Sensor enabled,0x0161FC3F,Sensor helth,0x0171FC2B,3D gyro,Ok,3D accelerometer,Ok,3D magnetometer,Fail,absolute pressure,Ok,differential pressure,Fail,GPS,Ok,3D angular rate control,Ok,attitude stabilization,Ok,yaw position,Ok,z/altitude control,Ok,x/y position control,Ok,motor outputs / control,Ok,rc receiver,Ok,AHRS subsystem health,Ok,Terrain subsystem health,Ok,Logging,Ok,CPU Load (%),20.3,Drop rate (%),0.0,Errors comm,0,Errors count #1,0,Errors count #2,0,Errors count #3,0,Errors count #4,0,1,mavros: Battery,Low voltage,udp://127.0.0.1:14551@14555,Voltage,0.00,Current,-0.0,Remaining,-1.0
1538767949653197447,319,1538767949652996327,,0,mavros: FCU connection,connected,udp://127.0.0.1:14551@14555,Received packets:,2511,Dropped packets:,0,Buffer overruns:,0,Parse errors:,0,Rx sequence number:,157,Tx sequence number:,180,Rx total bytes:,1772612,Tx total bytes:,9142,Rx speed:,8666.000000,Tx speed:,42.000000,0,mavros: GPS,3D fix,udp://127.0.0.1:14551@14555,Satellites visible,15,Fix type,4,EPH (m),0.71,EPV (m),1.05,0,mavros: Heartbeat,Normal,udp://127.0.0.1:14551@14555,Heartbeats since startup,412,Frequency (Hz),0.962970,Vehicle type,Fixed wing aircraft,Autopilot type,ArduPilotMega / ArduCopter,Mode,GUIDED,System status,Active,2,mavros: System,Sensor helth,udp://127.0.0.1:14551@14555,Sensor present,0x0361FC3F,Sensor enabled,0x0161FC3F,Sensor helth,0x0171FC2B,3D gyro,Ok,3D accelerometer,Ok,3D magnetometer,Fail,absolute pressure,Ok,differential pressure,Fail,GPS,Ok,3D angular rate control,Ok,attitude stabilization,Ok,yaw position,Ok,z/altitude control,Ok,x/y position control,Ok,motor outputs / control,Ok,rc receiver,Ok,AHRS subsystem health,Ok,Terrain subsystem health,Ok,Logging,Ok,CPU Load (%),20.0,Drop rate (%),0.0,Errors comm,0,Errors count #1,0,Errors count #2,0,Errors count #3,0,Errors count #4,0,1,mavros: Battery,Low voltage,udp://127.0.0.1:14551@14555,Voltage,0.00,Current,-0.0,Remaining,-1.0
1538767950656434407,320,1538767950655708199,,0,mavros: FCU connection,connected,udp://127.0.0.1:14551@14555,Received packets:,2696,Dropped packets:,0,Buffer overruns:,0,Parse errors:,0,Rx sequence number:,84,Tx sequence number:,181,Rx total bytes:,1778062,Tx total bytes:,9163,Rx speed:,5450.000000,Tx speed:,21.000000,0,mavros: GPS,3D fix,udp://127.0.0.1:14551@14555,Satellites visible,15,Fix type,4,EPH (m),0.71,EPV (m),1.05,0,mavros: Heartbeat,Normal,udp://127.0.0.1:14551@14555,Heartbeats since startup,413,Frequency (Hz),0.999792,Vehicle type,Fixed wing aircraft,Autopilot type,ArduPilotMega / ArduCopter,Mode,GUIDED,System status,Active,2,mavros: System,Sensor helth,udp://127.0.0.1:14551@14555,Sensor present,0x0361FC3F,Sensor enabled,0x0161FC3F,Sensor helth,0x0171FC2B,3D gyro,Ok,3D accelerometer,Ok,3D magnetometer,Fail,absolute pressure,Ok,differential pressure,Fail,GPS,Ok,3D angular rate control,Ok,attitude stabilization,Ok,yaw position,Ok,z/altitude control,Ok,x/y position control,Ok,motor outputs / control,Ok,rc receiver,Ok,AHRS subsystem health,Ok,Terrain subsystem health,Ok,Logging,Ok,CPU Load (%),21.5,Drop rate (%),0.0,Errors comm,0,Errors count #1,0,Errors count #2,0,Errors count #3,0,Errors count #4,0,1,mavros: Battery,Low voltage,udp://127.0.0.1:14551@14555,Voltage,0.00,Current,-0.0,Remaining,-1.0
1538767952152583719,321,1538767952152324743,,0,mavros: FCU connection,connected,udp://127.0.0.1:14551@14555,Received packets:,3000,Dropped packets:,0,Buffer overruns:,0,Parse errors:,0,Rx sequence number:,128,Tx sequence number:,182,Rx total bytes:,1786973,Tx total bytes:,9184,Rx speed:,8911.000000,Tx speed:,21.000000,0,mavros: GPS,3D fix,udp://127.0.0.1:14551@14555,Satellites visible,15,Fix type,4,EPH (m),0.71,EPV (m),1.05,0,mavros: Heartbeat,Normal,udp://127.0.0.1:14551@14555,Heartbeats since startup,415,Frequency (Hz),1.037093,Vehicle type,Fixed wing aircraft,Autopilot type,ArduPilotMega / ArduCopter,Mode,GUIDED,System status,Active,2,mavros: System,Sensor helth,udp://127.0.0.1:14551@14555,Sensor present,0x0361FC3F,Sensor enabled,0x0161FC3F,Sensor helth,0x0171FC2B,3D gyro,Ok,3D accelerometer,Ok,3D magnetometer,Fail,absolute pressure,Ok,differential pressure,Fail,GPS,Ok,3D angular rate control,Ok,attitude stabilization,Ok,yaw position,Ok,z/altitude control,Ok,x/y position control,Ok,motor outputs / control,Ok,rc receiver,Ok,AHRS subsystem health,Ok,Terrain subsystem health,Ok,Logging,Ok,CPU Load (%),20.0,Drop rate (%),0.0,Errors comm,0,Errors count #1,0,Errors count #2,0,Errors count #3,0,Errors count #4,0,1,mavros: Battery,Low voltage,udp://127.0.0.1:14551@14555,Voltage,0.00,Current,-0.0,Remaining,-1.0
1538767953153037511,322,1538767953152834823,,0,mavros: FCU connection,connected,udp://127.0.0.1:14551@14555,Received packets:,3213,Dropped packets:,0,Buffer overruns:,0,Parse errors:,0,Rx sequence number:,83,Tx sequence number:,183,Rx total bytes:,1793292,Tx total bytes:,9205,Rx speed:,6319.000000,Tx speed:,21.000000,0,mavros: GPS,3D fix,udp://127.0.0.1:14551@14555,Satellites visible,15,Fix type,4,EPH (m),0.71,EPV (m),1.05,0,mavros: Heartbeat,Normal,udp://127.0.0.1:14551@14555,Heartbeats since startup,416,Frequency (Hz),0.999988,Vehicle type,Fixed wing aircraft,Autopilot type,ArduPilotMega / ArduCopter,Mode,GUIDED,System status,Active,2,mavros: System,Sensor helth,udp://127.0.0.1:14551@14555,Sensor present,0x0361FC3F,Sensor enabled,0x0161FC3F,Sensor helth,0x0171FC2B,3D gyro,Ok,3D accelerometer,Ok,3D magnetometer,Fail,absolute pressure,Ok,differential pressure,Fail,GPS,Ok,3D angular rate control,Ok,attitude stabilization,Ok,yaw position,Ok,z/altitude control,Ok,x/y position control,Ok,motor outputs / control,Ok,rc receiver,Ok,AHRS subsystem health,Ok,Terrain subsystem health,Ok,Logging,Ok,CPU Load (%),19.7,Drop rate (%),0.0,Errors comm,0,Errors count #1,0,Errors count #2,0,Errors count #3,0,Errors count #4,0,1,mavros: Battery,Low voltage,udp://127.0.0.1:14551@14555,Voltage,0.00,Current,-0.0,Remaining,-1.0
1538767954653006855,323,1538767954652717351,,0,mavros: FCU connection,connected,udp://127.0.0.1:14551@14555,Received packets:,3512,Dropped packets:,0,Buffer overruns:,0,Parse errors:,0,Rx sequence number:,124,Tx sequence number:,185,Rx total bytes:,1802034,Tx total bytes:,9247,Rx speed:,8742.000000,Tx speed:,42.000000,0,mavros: GPS,3D fix,udp://127.0.0.1:14551@14555,Satellites visible,15,Fix type,4,EPH (m),0.71,EPV (m),1.05,0,mavros: Heartbeat,Normal,udp://127.0.0.1:14551@14555,Heartbeats since startup,417,Frequency (Hz),0.963009,Vehicle type,Fixed wing aircraft,Autopilot type,ArduPilotMega / ArduCopter,Mode,GUIDED,System status,Active,2,mavros: System,Sensor helth,udp://127.0.0.1:14551@14555,Sensor present,0x0361FC3F,Sensor enabled,0x0161FC3F,Sensor helth,0x0171FC2B,3D gyro,Ok,3D accelerometer,Ok,3D magnetometer,Fail,absolute pressure,Ok,differential pressure,Fail,GPS,Ok,3D angular rate control,Ok,attitude stabilization,Ok,yaw position,Ok,z/altitude control,Ok,x/y position control,Ok,motor outputs / control,Ok,rc receiver,Ok,AHRS subsystem health,Ok,Terrain subsystem health,Ok,Logging,Ok,CPU Load (%),20.0,Drop rate (%),0.0,Errors comm,0,Errors count #1,0,Errors count #2,0,Errors count #3,0,Errors count #4,0,1,mavros: Battery,Low voltage,udp://127.0.0.1:14551@14555,Voltage,0.00,Current,-0.0,Remaining,-1.0
1538767955657197799,324,1538767955656607879,,0,mavros: FCU connection,connected,udp://127.0.0.1:14551@14555,Received packets:,3695,Dropped packets:,0,Buffer overruns:,0,Parse errors:,0,Rx sequence number:,49,Tx sequence number:,186,Rx total bytes:,1807335,Tx total bytes:,9268,Rx speed:,5301.000000,Tx speed:,21.000000,0,mavros: GPS,3D fix,udp://127.0.0.1:14551@14555,Satellites visible,15,Fix type,4,EPH (m),0.71,EPV (m),1.05,0,mavros: Heartbeat,Normal,udp://127.0.0.1:14551@14555,Heartbeats since startup,418,Frequency (Hz),0.999750,Vehicle type,Fixed wing aircraft,Autopilot type,ArduPilotMega / ArduCopter,Mode,GUIDED,System status,Active,2,mavros: System,Sensor helth,udp://127.0.0.1:14551@14555,Sensor present,0x0361FC3F,Sensor enabled,0x0161FC3F,Sensor helth,0x0171FC2B,3D gyro,Ok,3D accelerometer,Ok,3D magnetometer,Fail,absolute pressure,Ok,differential pressure,Fail,GPS,Ok,3D angular rate control,Ok,attitude stabilization,Ok,yaw position,Ok,z/altitude control,Ok,x/y position control,Ok,motor outputs / control,Ok,rc receiver,Ok,AHRS subsystem health,Ok,Terrain subsystem health,Ok,Logging,Ok,CPU Load (%),19.6,Drop rate (%),0.0,Errors comm,0,Errors count #1,0,Errors count #2,0,Errors count #3,0,Errors count #4,0,1,mavros: Battery,Low voltage,udp://127.0.0.1:14551@14555,Voltage,0.00,Current,-0.0,Remaining,-1.0
1538767957153509447,325,1538767957153145223,,0,mavros: FCU connection,connected,udp://127.0.0.1:14551@14555,Received packets:,4004,Dropped packets:,0,Buffer overruns:,0,Parse errors:,0,Rx sequence number:,98,Tx sequence number:,187,Rx total bytes:,1816365,Tx total bytes:,9289,Rx speed:,9030.000000,Tx speed:,21.000000,0,mavros: GPS,3D fix,udp://127.0.0.1:14551@14555,Satellites visible,15,Fix type,4,EPH (m),0.69,EPV (m),0.97,0,mavros: Heartbeat,Normal,udp://127.0.0.1:14551@14555,Heartbeats since startup,420,Frequency (Hz),1.000023,Vehicle type,Fixed wing aircraft,Autopilot type,ArduPilotMega / ArduCopter,Mode,GUIDED,System status,Active,2,mavros: System,Sensor helth,udp://127.0.0.1:14551@14555,Sensor present,0x0361FC3F,Sensor enabled,0x0161FC3F,Sensor helth,0x0171FC2B,3D gyro,Ok,3D accelerometer,Ok,3D magnetometer,Fail,absolute pressure,Ok,differential pressure,Fail,GPS,Ok,3D angular rate control,Ok,attitude stabilization,Ok,yaw position,Ok,z/altitude control,Ok,x/y position control,Ok,motor outputs / control,Ok,rc receiver,Ok,AHRS subsystem health,Ok,Terrain subsystem health,Ok,Logging,Ok,CPU Load (%),20.5,Drop rate (%),0.0,Errors comm,0,Errors count #1,0,Errors count #2,0,Errors count #3,0,Errors count #4,0,1,mavros: Battery,Low voltage,udp://127.0.0.1:14551@14555,Voltage,0.00,Current,-0.0,Remaining,-1.0
1538767958653757799,326,1538767958653334631,,0,mavros: FCU connection,connected,udp://127.0.0.1:14551@14555,Received packets:,4303,Dropped packets:,0,Buffer overruns:,0,Parse errors:,0,Rx sequence number:,139,Tx sequence number:,189,Rx total bytes:,1825086,Tx total bytes:,9331,Rx speed:,8721.000000,Tx speed:,42.000000,0,mavros: GPS,3D fix,udp://127.0.0.1:14551@14555,Satellites visible,15,Fix type,4,EPH (m),0.69,EPV (m),0.98,0,mavros: Heartbeat,Normal,udp://127.0.0.1:14551@14555,Heartbeats since startup,421,Frequency (Hz),0.963223,Vehicle type,Fixed wing aircraft,Autopilot type,ArduPilotMega / ArduCopter,Mode,GUIDED,System status,Active,2,mavros: System,Sensor helth,udp://127.0.0.1:14551@14555,Sensor present,0x0361FC3F,Sensor enabled,0x0161FC3F,Sensor helth,0x0171FC2B,3D gyro,Ok,3D accelerometer,Ok,3D magnetometer,Fail,absolute pressure,Ok,differential pressure,Fail,GPS,Ok,3D angular rate control,Ok,attitude stabilization,Ok,yaw position,Ok,z/altitude control,Ok,x/y position control,Ok,motor outputs / control,Ok,rc receiver,Ok,AHRS subsystem health,Ok,Terrain subsystem health,Ok,Logging,Ok,CPU Load (%),19.8,Drop rate (%),0.0,Errors comm,0,Errors count #1,0,Errors count #2,0,Errors count #3,0,Errors count #4,0,1,mavros: Battery,Low voltage,udp://127.0.0.1:14551@14555,Voltage,0.00,Current,-0.0,Remaining,-1.0
1538767960153885735,327,1538767960153263687,,0,mavros: FCU connection,connected,udp://127.0.0.1:14551@14555,Received packets:,4611,Dropped packets:,0,Buffer overruns:,0,Parse errors:,0,Rx sequence number:,188,Tx sequence number:,190,Rx total bytes:,1834171,Tx total bytes:,9352,Rx speed:,9085.000000,Tx speed:,21.000000,0,mavros: GPS,3D fix,udp://127.0.0.1:14551@14555,Satellites visible,15,Fix type,4,EPH (m),0.69,EPV (m),0.98,0,mavros: Heartbeat,Normal,udp://127.0.0.1:14551@14555,Heartbeats since startup,423,Frequency (Hz),1.037070,Vehicle type,Fixed wing aircraft,Autopilot type,ArduPilotMega / ArduCopter,Mode,GUIDED,System status,Active,2,mavros: System,Sensor helth,udp://127.0.0.1:14551@14555,Sensor present,0x0361FC3F,Sensor enabled,0x0161FC3F,Sensor helth,0x0171FC2B,3D gyro,Ok,3D accelerometer,Ok,3D magnetometer,Fail,absolute pressure,Ok,differential pressure,Fail,GPS,Ok,3D angular rate control,Ok,attitude stabilization,Ok,yaw position,Ok,z/altitude control,Ok,x/y position control,Ok,motor outputs / control,Ok,rc receiver,Ok,AHRS subsystem health,Ok,Terrain subsystem health,Ok,Logging,Ok,CPU Load (%),19.8,Drop rate (%),0.0,Errors comm,0,Errors count #1,0,Errors count #2,0,Errors count #3,0,Errors count #4,0,1,mavros: Battery,Low voltage,udp://127.0.0.1:14551@14555,Voltage,0.00,Current,-0.0,Remaining,-1.0
1538767961654107719,328,1538767961653565127,,0,mavros: FCU connection,connected,udp://127.0.0.1:14551@14555,Received packets:,4910,Dropped packets:,0,Buffer overruns:,0,Parse errors:,0,Rx sequence number:,229,Tx sequence number:,192,Rx total bytes:,1842925,Tx total bytes:,9394,Rx speed:,8754.000000,Tx speed:,42.000000,0,mavros: GPS,3D fix,udp://127.0.0.1:14551@14555,Satellites visible,16,Fix type,4,EPH (m),0.66,EPV (m),0.96,0,mavros: Heartbeat,Normal,udp://127.0.0.1:14551@14555,Heartbeats since startup,424,Frequency (Hz),0.962943,Vehicle type,Fixed wing aircraft,Autopilot type,ArduPilotMega / ArduCopter,Mode,GUIDED,System status,Active,2,mavros: System,Sensor helth,udp://127.0.0.1:14551@14555,Sensor present,0x0361FC3F,Sensor enabled,0x0161FC3F,Sensor helth,0x0171FC2B,3D gyro,Ok,3D accelerometer,Ok,3D magnetometer,Fail,absolute pressure,Ok,differential pressure,Fail,GPS,Ok,3D angular rate control,Ok,attitude stabilization,Ok,yaw position,Ok,z/altitude control,Ok,x/y position control,Ok,motor outputs / control,Ok,rc receiver,Ok,AHRS subsystem health,Ok,Terrain subsystem health,Ok,Logging,Ok,CPU Load (%),20.2,Drop rate (%),0.0,Errors comm,0,Errors count #1,0,Errors count #2,0,Errors count #3,0,Errors count #4,0,1,mavros: Battery,Low voltage,udp://127.0.0.1:14551@14555,Voltage,0.00,Current,-0.0,Remaining,-1.0
1538767963153745351,329,1538767963153258983,,0,mavros: FCU connection,connected,udp://127.0.0.1:14551@14555,Received packets:,5218,Dropped packets:,0,Buffer overruns:,0,Parse errors:,0,Rx sequence number:,21,Tx sequence number:,193,Rx total bytes:,1852000,Tx total bytes:,9415,Rx speed:,9075.000000,Tx speed:,21.000000,0,mavros: GPS,3D fix,udp://127.0.0.1:14551@14555,Satellites visible,16,Fix type,4,EPH (m),0.66,EPV (m),0.96,0,mavros: Heartbeat,Normal,udp://127.0.0.1:14551@14555,Heartbeats since startup,426,Frequency (Hz),1.037035,Vehicle type,Fixed wing aircraft,Autopilot type,ArduPilotMega / ArduCopter,Mode,GUIDED,System status,Active,2,mavros: System,Sensor helth,udp://127.0.0.1:14551@14555,Sensor present,0x0361FC3F,Sensor enabled,0x0161FC3F,Sensor helth,0x0171FC2B,3D gyro,Ok,3D accelerometer,Ok,3D magnetometer,Fail,absolute pressure,Ok,differential pressure,Fail,GPS,Ok,3D angular rate control,Ok,attitude stabilization,Ok,yaw position,Ok,z/altitude control,Ok,x/y position control,Ok,motor outputs / control,Ok,rc receiver,Ok,AHRS subsystem health,Ok,Terrain subsystem health,Ok,Logging,Ok,CPU Load (%),19.8,Drop rate (%),0.0,Errors comm,0,Errors count #1,0,Errors count #2,0,Errors count #3,0,Errors count #4,0,1,mavros: Battery,Low voltage,udp://127.0.0.1:14551@14555,Voltage,0.00,Current,-0.0,Remaining,-1.0
1538767964156216295,330,1538767964153375527,,0,mavros: FCU connection,connected,udp://127.0.0.1:14551@14555,Received packets:,5421,Dropped packets:,0,Buffer overruns:,0,Parse errors:,0,Rx sequence number:,222,Tx sequence number:,194,Rx total bytes:,1857945,Tx total bytes:,9436,Rx speed:,5945.000000,Tx speed:,21.000000,0,mavros: GPS,3D fix,udp://127.0.0.1:14551@14555,Satellites visible,16,Fix type,4,EPH (m),0.66,EPV (m),0.96,0,mavros: Heartbeat,Normal,udp://127.0.0.1:14551@14555,Heartbeats since startup,427,Frequency (Hz),1.037228,Vehicle type,Fixed wing aircraft,Autopilot type,ArduPilotMega / ArduCopter,Mode,GUIDED,System status,Active,2,mavros: System,Sensor helth,udp://127.0.0.1:14551@14555,Sensor present,0x0361FC3F,Sensor enabled,0x0161FC3F,Sensor helth,0x0171FC2B,3D gyro,Ok,3D accelerometer,Ok,3D magnetometer,Fail,absolute pressure,Ok,differential pressure,Fail,GPS,Ok,3D angular rate control,Ok,attitude stabilization,Ok,yaw position,Ok,z/altitude control,Ok,x/y position control,Ok,motor outputs / control,Ok,rc receiver,Ok,AHRS subsystem health,Ok,Terrain subsystem health,Ok,Logging,Ok,CPU Load (%),19.9,Drop rate (%),0.0,Errors comm,0,Errors count #1,0,Errors count #2,0,Errors count #3,0,Errors count #4,0,1,mavros: Battery,Low voltage,udp://127.0.0.1:14551@14555,Voltage,0.00,Current,-0.0,Remaining,-1.0
1538767965153710343,331,1538767965153273255,,0,mavros: FCU connection,connected,udp://127.0.0.1:14551@14555,Received packets:,5621,Dropped packets:,0,Buffer overruns:,0,Parse errors:,0,Rx sequence number:,164,Tx sequence number:,195,Rx total bytes:,1863834,Tx total bytes:,9457,Rx speed:,5889.000000,Tx speed:,21.000000,0,mavros: GPS,3D fix,udp://127.0.0.1:14551@14555,Satellites visible,17,Fix type,4,EPH (m),0.63,EPV (m),0.92,0,mavros: Heartbeat,Normal,udp://127.0.0.1:14551@14555,Heartbeats since startup,428,Frequency (Hz),0.999931,Vehicle type,Fixed wing aircraft,Autopilot type,ArduPilotMega / ArduCopter,Mode,GUIDED,System status,Active,2,mavros: System,Sensor helth,udp://127.0.0.1:14551@14555,Sensor present,0x0361FC3F,Sensor enabled,0x0161FC3F,Sensor helth,0x0171FC2B,3D gyro,Ok,3D accelerometer,Ok,3D magnetometer,Fail,absolute pressure,Ok,differential pressure,Fail,GPS,Ok,3D angular rate control,Ok,attitude stabilization,Ok,yaw position,Ok,z/altitude control,Ok,x/y position control,Ok,motor outputs / control,Ok,rc receiver,Ok,AHRS subsystem health,Ok,Terrain subsystem health,Ok,Logging,Ok,CPU Load (%),19.9,Drop rate (%),0.0,Errors comm,0,Errors count #1,0,Errors count #2,0,Errors count #3,0,Errors count #4,0,1,mavros: Battery,Low voltage,udp://127.0.0.1:14551@14555,Voltage,0.00,Current,-0.0,Remaining,-1.0
1538767966653689671,332,1538767966653223303,,0,mavros: FCU connection,connected,udp://127.0.0.1:14551@14555,Received packets:,5925,Dropped packets:,0,Buffer overruns:,0,Parse errors:,0,Rx sequence number:,210,Tx sequence number:,197,Rx total bytes:,1872768,Tx total bytes:,9499,Rx speed:,8934.000000,Tx speed:,42.000000,0,mavros: GPS,3D fix,udp://127.0.0.1:14551@14555,Satellites visible,16,Fix type,4,EPH (m),0.66,EPV (m),0.96,0,mavros: Heartbeat,Normal,udp://127.0.0.1:14551@14555,Heartbeats since startup,429,Frequency (Hz),0.962952,Vehicle type,Fixed wing aircraft,Autopilot type,ArduPilotMega / ArduCopter,Mode,GUIDED,System status,Active,2,mavros: System,Sensor helth,udp://127.0.0.1:14551@14555,Sensor present,0x0361FC3F,Sensor enabled,0x0161FC3F,Sensor helth,0x0171FC2B,3D gyro,Ok,3D accelerometer,Ok,3D magnetometer,Fail,absolute pressure,Ok,differential pressure,Fail,GPS,Ok,3D angular rate control,Ok,attitude stabilization,Ok,yaw position,Ok,z/altitude control,Ok,x/y position control,Ok,motor outputs / control,Ok,rc receiver,Ok,AHRS subsystem health,Ok,Terrain subsystem health,Ok,Logging,Ok,CPU Load (%),19.9,Drop rate (%),0.0,Errors comm,0,Errors count #1,0,Errors count #2,0,Errors count #3,0,Errors count #4,0,1,mavros: Battery,Low voltage,udp://127.0.0.1:14551@14555,Voltage,0.00,Current,-0.0,Remaining,-1.0
1538767968153646791,333,1538767968153322759,,0,mavros: FCU connection,connected,udp://127.0.0.1:14551@14555,Received packets:,6233,Dropped packets:,0,Buffer overruns:,0,Parse errors:,0,Rx sequence number:,2,Tx sequence number:,198,Rx total bytes:,1881737,Tx total bytes:,9520,Rx speed:,8969.000000,Tx speed:,21.000000,0,mavros: GPS,3D fix,udp://127.0.0.1:14551@14555,Satellites visible,17,Fix type,4,EPH (m),0.63,EPV (m),0.92,0,mavros: Heartbeat,Normal,udp://127.0.0.1:14551@14555,Heartbeats since startup,431,Frequency (Hz),1.036991,Vehicle type,Fixed wing aircraft,Autopilot type,ArduPilotMega / ArduCopter,Mode,GUIDED,System status,Active,2,mavros: System,Sensor helth,udp://127.0.0.1:14551@14555,Sensor present,0x0361FC3F,Sensor enabled,0x0161FC3F,Sensor helth,0x0171FC2B,3D gyro,Ok,3D accelerometer,Ok,3D magnetometer,Fail,absolute pressure,Ok,differential pressure,Fail,GPS,Ok,3D angular rate control,Ok,attitude stabilization,Ok,yaw position,Ok,z/altitude control,Ok,x/y position control,Ok,motor outputs / control,Ok,rc receiver,Ok,AHRS subsystem health,Ok,Terrain subsystem health,Ok,Logging,Ok,CPU Load (%),19.5,Drop rate (%),0.0,Errors comm,0,Errors count #1,0,Errors count #2,0,Errors count #3,0,Errors count #4,0,1,mavros: Battery,Low voltage,udp://127.0.0.1:14551@14555,Voltage,0.00,Current,-0.0,Remaining,-1.0
1538767969653261095,334,1538767969652899239,,0,mavros: FCU connection,connected,udp://127.0.0.1:14551@14555,Received packets:,6542,Dropped packets:,0,Buffer overruns:,0,Parse errors:,0,Rx sequence number:,53,Tx sequence number:,200,Rx total bytes:,1890835,Tx total bytes:,9562,Rx speed:,9098.000000,Tx speed:,42.000000,0,mavros: GPS,3D fix,udp://127.0.0.1:14551@14555,Satellites visible,16,Fix type,4,EPH (m),0.66,EPV (m),0.96,0,mavros: Heartbeat,Normal,udp://127.0.0.1:14551@14555,Heartbeats since startup,432,Frequency (Hz),1.000265,Vehicle type,Fixed wing aircraft,Autopilot type,ArduPilotMega / ArduCopter,Mode,GUIDED,System status,Active,2,mavros: System,Sensor helth,udp://127.0.0.1:14551@14555,Sensor present,0x0361FC3F,Sensor enabled,0x0161FC3F,Sensor helth,0x0171FC2B,3D gyro,Ok,3D accelerometer,Ok,3D magnetometer,Fail,absolute pressure,Ok,differential pressure,Fail,GPS,Ok,3D angular rate control,Ok,attitude stabilization,Ok,yaw position,Ok,z/altitude control,Ok,x/y position control,Ok,motor outputs / control,Ok,rc receiver,Ok,AHRS subsystem health,Ok,Terrain subsystem health,Ok,Logging,Ok,CPU Load (%),20.4,Drop rate (%),0.0,Errors comm,0,Errors count #1,0,Errors count #2,0,Errors count #3,0,Errors count #4,0,1,mavros: Battery,Low voltage,udp://127.0.0.1:14551@14555,Voltage,0.00,Current,-0.0,Remaining,-1.0
1538767971157597351,335,1538767971157175751,,0,mavros: FCU connection,connected,udp://127.0.0.1:14551@14555,Received packets:,6852,Dropped packets:,0,Buffer overruns:,0,Parse errors:,0,Rx sequence number:,103,Tx sequence number:,201,Rx total bytes:,1899954,Tx total bytes:,9583,Rx speed:,9119.000000,Tx speed:,21.000000,0,mavros: GPS,3D fix,udp://127.0.0.1:14551@14555,Satellites visible,16,Fix type,4,EPH (m),0.66,EPV (m),0.96,0,mavros: Heartbeat,Normal,udp://127.0.0.1:14551@14555,Heartbeats since startup,434,Frequency (Hz),0.999722,Vehicle type,Fixed wing aircraft,Autopilot type,ArduPilotMega / ArduCopter,Mode,GUIDED,System status,Active,2,mavros: System,Sensor helth,udp://127.0.0.1:14551@14555,Sensor present,0x0361FC3F,Sensor enabled,0x0161FC3F,Sensor helth,0x0171FC2B,3D gyro,Ok,3D accelerometer,Ok,3D magnetometer,Fail,absolute pressure,Ok,differential pressure,Fail,GPS,Ok,3D angular rate control,Ok,attitude stabilization,Ok,yaw position,Ok,z/altitude control,Ok,x/y position control,Ok,motor outputs / control,Ok,rc receiver,Ok,AHRS subsystem health,Ok,Terrain subsystem health,Ok,Logging,Ok,CPU Load (%),19.3,Drop rate (%),0.0,Errors comm,0,Errors count #1,0,Errors count #2,0,Errors count #3,0,Errors count #4,0,1,mavros: Battery,Low voltage,udp://127.0.0.1:14551@14555,Voltage,0.00,Current,-0.0,Remaining,-1.0
1538767972653924839,336,1538767972653378055,,0,mavros: FCU connection,connected,udp://127.0.0.1:14551@14555,Received packets:,7143,Dropped packets:,0,Buffer overruns:,0,Parse errors:,0,Rx sequence number:,138,Tx sequence number:,203,Rx total bytes:,1908508,Tx total bytes:,9625,Rx speed:,8554.000000,Tx speed:,42.000000,0,mavros: GPS,3D fix,udp://127.0.0.1:14551@14555,Satellites visible,16,Fix type,4,EPH (m),0.66,EPV (m),0.96,0,mavros: Heartbeat,Normal,udp://127.0.0.1:14551@14555,Heartbeats since startup,435,Frequency (Hz),1.000002,Vehicle type,Fixed wing aircraft,Autopilot type,ArduPilotMega / ArduCopter,Mode,GUIDED,System status,Active,2,mavros: System,Sensor helth,udp://127.0.0.1:14551@14555,Sensor present,0x0361FC3F,Sensor enabled,0x0161FC3F,Sensor helth,0x0171FC2B,3D gyro,Ok,3D accelerometer,Ok,3D magnetometer,Fail,absolute pressure,Ok,differential pressure,Fail,GPS,Ok,3D angular rate control,Ok,attitude stabilization,Ok,yaw position,Ok,z/altitude control,Ok,x/y position control,Ok,motor outputs / control,Ok,rc receiver,Ok,AHRS subsystem health,Ok,Terrain subsystem health,Ok,Logging,Ok,CPU Load (%),19.9,Drop rate (%),0.0,Errors comm,0,Errors count #1,0,Errors count #2,0,Errors count #3,0,Errors count #4,0,1,mavros: Battery,Low voltage,udp://127.0.0.1:14551@14555,Voltage,0.00,Current,-0.0,Remaining,-1.0
1538767974154082215,337,1538767974153548615,,0,mavros: FCU connection,connected,udp://127.0.0.1:14551@14555,Received packets:,7448,Dropped packets:,0,Buffer overruns:,0,Parse errors:,0,Rx sequence number:,183,Tx sequence number:,204,Rx total bytes:,1917415,Tx total bytes:,9646,Rx speed:,8907.000000,Tx speed:,21.000000,0,mavros: GPS,3D fix,udp://127.0.0.1:14551@14555,Satellites visible,16,Fix type,4,EPH (m),0.66,EPV (m),0.96,0,mavros: Heartbeat,Normal,udp://127.0.0.1:14551@14555,Heartbeats since startup,437,Frequency (Hz),0.999980,Vehicle type,Fixed wing aircraft,Autopilot type,ArduPilotMega / ArduCopter,Mode,GUIDED,System status,Active,2,mavros: System,Sensor helth,udp://127.0.0.1:14551@14555,Sensor present,0x0361FC3F,Sensor enabled,0x0161FC3F,Sensor helth,0x0171FC2B,3D gyro,Ok,3D accelerometer,Ok,3D magnetometer,Fail,absolute pressure,Ok,differential pressure,Fail,GPS,Ok,3D angular rate control,Ok,attitude stabilization,Ok,yaw position,Ok,z/altitude control,Ok,x/y position control,Ok,motor outputs / control,Ok,rc receiver,Ok,AHRS subsystem health,Ok,Terrain subsystem health,Ok,Logging,Ok,CPU Load (%),19.4,Drop rate (%),0.0,Errors comm,0,Errors count #1,0,Errors count #2,0,Errors count #3,0,Errors count #4,0,1,mavros: Battery,Low voltage,udp://127.0.0.1:14551@14555,Voltage,0.00,Current,-0.0,Remaining,-1.0
1538767975654597991,338,1538767975653777575,,0,mavros: FCU connection,connected,udp://127.0.0.1:14551@14555,Received packets:,7756,Dropped packets:,0,Buffer overruns:,0,Parse errors:,0,Rx sequence number:,233,Tx sequence number:,206,Rx total bytes:,1926486,Tx total bytes:,9688,Rx speed:,9071.000000,Tx speed:,42.000000,0,mavros: GPS,3D fix,udp://127.0.0.1:14551@14555,Satellites visible,16,Fix type,4,EPH (m),0.66,EPV (m),0.97,0,mavros: Heartbeat,Normal,udp://127.0.0.1:14551@14555,Heartbeats since startup,438,Frequency (Hz),0.999995,Vehicle type,Fixed wing aircraft,Autopilot type,ArduPilotMega / ArduCopter,Mode,GUIDED,System status,Active,2,mavros: System,Sensor helth,udp://127.0.0.1:14551@14555,Sensor present,0x0361FC3F,Sensor enabled,0x0161FC3F,Sensor helth,0x0171FC2B,3D gyro,Ok,3D accelerometer,Ok,3D magnetometer,Fail,absolute pressure,Ok,differential pressure,Fail,GPS,Ok,3D angular rate control,Ok,attitude stabilization,Ok,yaw position,Ok,z/altitude control,Ok,x/y position control,Ok,motor outputs / control,Ok,rc receiver,Ok,AHRS subsystem health,Ok,Terrain subsystem health,Ok,Logging,Ok,CPU Load (%),20.6,Drop rate (%),0.0,Errors comm,0,Errors count #1,0,Errors count #2,0,Errors count #3,0,Errors count #4,0,1,mavros: Battery,Low voltage,udp://127.0.0.1:14551@14555,Voltage,0.00,Current,-0.0,Remaining,-1.0
1538767977155260359,339,1538767977153146855,,0,mavros: FCU connection,connected,udp://127.0.0.1:14551@14555,Received packets:,8055,Dropped packets:,0,Buffer overruns:,0,Parse errors:,0,Rx sequence number:,16,Tx sequence number:,207,Rx total bytes:,1935145,Tx total bytes:,9709,Rx speed:,8659.000000,Tx speed:,21.000000,0,mavros: GPS,3D fix,udp://127.0.0.1:14551@14555,Satellites visible,16,Fix type,4,EPH (m),0.66,EPV (m),0.97,0,mavros: Heartbeat,Normal,udp://127.0.0.1:14551@14555,Heartbeats since startup,440,Frequency (Hz),1.000007,Vehicle type,Fixed wing aircraft,Autopilot type,ArduPilotMega / ArduCopter,Mode,GUIDED,System status,Active,2,mavros: System,Sensor helth,udp://127.0.0.1:14551@14555,Sensor present,0x0361FC3F,Sensor enabled,0x0161FC3F,Sensor helth,0x0171FC2B,3D gyro,Ok,3D accelerometer,Ok,3D magnetometer,Fail,absolute pressure,Ok,differential pressure,Fail,GPS,Ok,3D angular rate control,Ok,attitude stabilization,Ok,yaw position,Ok,z/altitude control,Ok,x/y position control,Ok,motor outputs / control,Ok,rc receiver,Ok,AHRS subsystem health,Ok,Terrain subsystem health,Ok,Logging,Ok,CPU Load (%),19.6,Drop rate (%),0.0,Errors comm,0,Errors count #1,0,Errors count #2,0,Errors count #3,0,Errors count #4,0,1,mavros: Battery,Low voltage,udp://127.0.0.1:14551@14555,Voltage,0.00,Current,-0.0,Remaining,-1.0
1538767978653091847,340,1538767978652691175,,0,mavros: FCU connection,connected,udp://127.0.0.1:14551@14555,Received packets:,8354,Dropped packets:,0,Buffer overruns:,0,Parse errors:,0,Rx sequence number:,57,Tx sequence number:,209,Rx total bytes:,1943857,Tx total bytes:,9751,Rx speed:,8712.000000,Tx speed:,42.000000,0,mavros: GPS,3D fix,udp://127.0.0.1:14551@14555,Satellites visible,16,Fix type,4,EPH (m),0.66,EPV (m),0.97,0,mavros: Heartbeat,Normal,udp://127.0.0.1:14551@14555,Heartbeats since startup,441,Frequency (Hz),0.965557,Vehicle type,Fixed wing aircraft,Autopilot type,ArduPilotMega / ArduCopter,Mode,GUIDED,System status,Active,2,mavros: System,Sensor helth,udp://127.0.0.1:14551@14555,Sensor present,0x0361FC3F,Sensor enabled,0x0161FC3F,Sensor helth,0x0171FC2B,3D gyro,Ok,3D accelerometer,Ok,3D magnetometer,Fail,absolute pressure,Ok,differential pressure,Fail,GPS,Ok,3D angular rate control,Ok,attitude stabilization,Ok,yaw position,Ok,z/altitude control,Ok,x/y position control,Ok,motor outputs / control,Ok,rc receiver,Ok,AHRS subsystem health,Ok,Terrain subsystem health,Ok,Logging,Ok,CPU Load (%),19.7,Drop rate (%),0.0,Errors comm,0,Errors count #1,0,Errors count #2,0,Errors count #3,0,Errors count #4,0,1,mavros: Battery,Low voltage,udp://127.0.0.1:14551@14555,Voltage,0.00,Current,-0.0,Remaining,-1.0
1538767979653543943,341,1538767979652697223,,0,mavros: FCU connection,connected,udp://127.0.0.1:14551@14555,Received packets:,8556,Dropped packets:,0,Buffer overruns:,0,Parse errors:,0,Rx sequence number:,1,Tx sequence number:,210,Rx total bytes:,1949761,Tx total bytes:,9772,Rx speed:,5904.000000,Tx speed:,21.000000,0,mavros: GPS,3D fix,udp://127.0.0.1:14551@14555,Satellites visible,16,Fix type,4,EPH (m),0.66,EPV (m),0.97,0,mavros: Heartbeat,Normal,udp://127.0.0.1:14551@14555,Heartbeats since startup,442,Frequency (Hz),0.965553,Vehicle type,Fixed wing aircraft,Autopilot type,ArduPilotMega / ArduCopter,Mode,GUIDED,System status,Active,2,mavros: System,Sensor helth,udp://127.0.0.1:14551@14555,Sensor present,0x0361FC3F,Sensor enabled,0x0161FC3F,Sensor helth,0x0171FC2B,3D gyro,Ok,3D accelerometer,Ok,3D magnetometer,Fail,absolute pressure,Ok,differential pressure,Fail,GPS,Ok,3D angular rate control,Ok,attitude stabilization,Ok,yaw position,Ok,z/altitude control,Ok,x/y position control,Ok,motor outputs / control,Ok,rc receiver,Ok,AHRS subsystem health,Ok,Terrain subsystem health,Ok,Logging,Ok,CPU Load (%),20.1,Drop rate (%),0.0,Errors comm,0,Errors count #1,0,Errors count #2,0,Errors count #3,0,Errors count #4,0,1,mavros: Battery,Low voltage,udp://127.0.0.1:14551@14555,Voltage,0.00,Current,-0.0,Remaining,-1.0
1538767981152977511,342,1538767981152594119,,0,mavros: FCU connection,connected,udp://127.0.0.1:14551@14555,Received packets:,8860,Dropped packets:,0,Buffer overruns:,0,Parse errors:,0,Rx sequence number:,45,Tx sequence number:,211,Rx total bytes:,1958718,Tx total bytes:,9793,Rx speed:,8957.000000,Tx speed:,21.000000,0,mavros: GPS,3D fix,udp://127.0.0.1:14551@14555,Satellites visible,16,Fix type,4,EPH (m),0.66,EPV (m),0.97,0,mavros: Heartbeat,Normal,udp://127.0.0.1:14551@14555,Heartbeats since startup,444,Frequency (Hz),1.034519,Vehicle type,Fixed wing aircraft,Autopilot type,ArduPilotMega / ArduCopter,Mode,GUIDED,System status,Active,2,mavros: System,Sensor helth,udp://127.0.0.1:14551@14555,Sensor present,0x0361FC3F,Sensor enabled,0x0161FC3F,Sensor helth,0x0171FC2B,3D gyro,Ok,3D accelerometer,Ok,3D magnetometer,Fail,absolute pressure,Ok,differential pressure,Fail,GPS,Ok,3D angular rate control,Ok,attitude stabilization,Ok,yaw position,Ok,z/altitude control,Ok,x/y position control,Ok,motor outputs / control,Ok,rc receiver,Ok,AHRS subsystem health,Ok,Terrain subsystem health,Ok,Logging,Ok,CPU Load (%),20.2,Drop rate (%),0.0,Errors comm,0,Errors count #1,0,Errors count #2,0,Errors count #3,0,Errors count #4,0,1,mavros: Battery,Low voltage,udp://127.0.0.1:14551@14555,Voltage,0.00,Current,-0.0,Remaining,-1.0
1538767982156888231,343,1538767982153524391,,0,mavros: FCU connection,connected,udp://127.0.0.1:14551@14555,Received packets:,9055,Dropped packets:,0,Buffer overruns:,0,Parse errors:,0,Rx sequence number:,238,Tx sequence number:,212,Rx total bytes:,1964398,Tx total bytes:,9814,Rx speed:,5680.000000,Tx speed:,21.000000,0,mavros: GPS,3D fix,udp://127.0.0.1:14551@14555,Satellites visible,16,Fix type,4,EPH (m),0.66,EPV (m),0.97,0,mavros: Heartbeat,Normal,udp://127.0.0.1:14551@14555,Heartbeats since startup,445,Frequency (Hz),0.999991,Vehicle type,Fixed wing aircraft,Autopilot type,ArduPilotMega / ArduCopter,Mode,GUIDED,System status,Active,2,mavros: System,Sensor helth,udp://127.0.0.1:14551@14555,Sensor present,0x0361FC3F,Sensor enabled,0x0161FC3F,Sensor helth,0x0171FC2B,3D gyro,Ok,3D accelerometer,Ok,3D magnetometer,Fail,absolute pressure,Ok,differential pressure,Fail,GPS,Ok,3D angular rate control,Ok,attitude stabilization,Ok,yaw position,Ok,z/altitude control,Ok,x/y position control,Ok,motor outputs / control,Ok,rc receiver,Ok,AHRS subsystem health,Ok,Terrain subsystem health,Ok,Logging,Ok,CPU Load (%),20.1,Drop rate (%),0.0,Errors comm,0,Errors count #1,0,Errors count #2,0,Errors count #3,0,Errors count #4,0,1,mavros: Battery,Low voltage,udp://127.0.0.1:14551@14555,Voltage,0.00,Current,-0.0,Remaining,-1.0
1538767983155198567,344,1538767983154537447,,0,mavros: FCU connection,connected,udp://127.0.0.1:14551@14555,Received packets:,9245,Dropped packets:,0,Buffer overruns:,0,Parse errors:,0,Rx sequence number:,170,Tx sequence number:,213,Rx total bytes:,1970021,Tx total bytes:,9835,Rx speed:,5623.000000,Tx speed:,21.000000,0,mavros: GPS,3D fix,udp://127.0.0.1:14551@14555,Satellites visible,16,Fix type,4,EPH (m),0.66,EPV (m),0.97,0,mavros: Heartbeat,Normal,udp://127.0.0.1:14551@14555,Heartbeats since startup,446,Frequency (Hz),1.036933,Vehicle type,Fixed wing aircraft,Autopilot type,ArduPilotMega / ArduCopter,Mode,GUIDED,System status,Active,2,mavros: System,Sensor helth,udp://127.0.0.1:14551@14555,Sensor present,0x0361FC3F,Sensor enabled,0x0161FC3F,Sensor helth,0x0171FC2B,3D gyro,Ok,3D accelerometer,Ok,3D magnetometer,Fail,absolute pressure,Ok,differential pressure,Fail,GPS,Ok,3D angular rate control,Ok,attitude stabilization,Ok,yaw position,Ok,z/altitude control,Ok,x/y position control,Ok,motor outputs / control,Ok,rc receiver,Ok,AHRS subsystem health,Ok,Terrain subsystem health,Ok,Logging,Ok,CPU Load (%),19.6,Drop rate (%),0.0,Errors comm,0,Errors count #1,0,Errors count #2,0,Errors count #3,0,Errors count #4,0,1,mavros: Battery,Low voltage,udp://127.0.0.1:14551@14555,Voltage,0.00,Current,-0.0,Remaining,-1.0
1538767984653093095,345,1538767984652658695,,0,mavros: FCU connection,connected,udp://127.0.0.1:14551@14555,Received packets:,9550,Dropped packets:,0,Buffer overruns:,0,Parse errors:,0,Rx sequence number:,217,Tx sequence number:,215,Rx total bytes:,1978948,Tx total bytes:,9877,Rx speed:,8927.000000,Tx speed:,42.000000,0,mavros: GPS,3D fix,udp://127.0.0.1:14551@14555,Satellites visible,16,Fix type,4,EPH (m),0.66,EPV (m),0.97,0,mavros: Heartbeat,Normal,udp://127.0.0.1:14551@14555,Heartbeats since startup,447,Frequency (Hz),0.963283,Vehicle type,Fixed wing aircraft,Autopilot type,ArduPilotMega / ArduCopter,Mode,GUIDED,System status,Active,2,mavros: System,Sensor helth,udp://127.0.0.1:14551@14555,Sensor present,0x0361FC3F,Sensor enabled,0x0161FC3F,Sensor helth,0x0171FC2B,3D gyro,Ok,3D accelerometer,Ok,3D magnetometer,Fail,absolute pressure,Ok,differential pressure,Fail,GPS,Ok,3D angular rate control,Ok,attitude stabilization,Ok,yaw position,Ok,z/altitude control,Ok,x/y position control,Ok,motor outputs / control,Ok,rc receiver,Ok,AHRS subsystem health,Ok,Terrain subsystem health,Ok,Logging,Ok,CPU Load (%),19.5,Drop rate (%),0.0,Errors comm,0,Errors count #1,0,Errors count #2,0,Errors count #3,0,Errors count #4,0,1,mavros: Battery,Low voltage,udp://127.0.0.1:14551@14555,Voltage,0.00,Current,-0.0,Remaining,-1.0
1538767985653804391,346,1538767985653290439,,0,mavros: FCU connection,connected,udp://127.0.0.1:14551@14555,Received packets:,9744,Dropped packets:,0,Buffer overruns:,0,Parse errors:,0,Rx sequence number:,153,Tx sequence number:,216,Rx total bytes:,1984649,Tx total bytes:,9898,Rx speed:,5701.000000,Tx speed:,21.000000,0,mavros: GPS,3D fix,udp://127.0.0.1:14551@14555,Satellites visible,16,Fix type,4,EPH (m),0.66,EPV (m),0.97,0,mavros: Heartbeat,Normal,udp://127.0.0.1:14551@14555,Heartbeats since startup,448,Frequency (Hz),0.999999,Vehicle type,Fixed wing aircraft,Autopilot type,ArduPilotMega / ArduCopter,Mode,GUIDED,System status,Active,2,mavros: System,Sensor helth,udp://127.0.0.1:14551@14555,Sensor present,0x0361FC3F,Sensor enabled,0x0161FC3F,Sensor helth,0x0171FC2B,3D gyro,Ok,3D accelerometer,Ok,3D magnetometer,Fail,absolute pressure,Ok,differential pressure,Fail,GPS,Ok,3D angular rate control,Ok,attitude stabilization,Ok,yaw position,Ok,z/altitude control,Ok,x/y position control,Ok,motor outputs / control,Ok,rc receiver,Ok,AHRS subsystem health,Ok,Terrain subsystem health,Ok,Logging,Ok,CPU Load (%),19.7,Drop rate (%),0.0,Errors comm,0,Errors count #1,0,Errors count #2,0,Errors count #3,0,Errors count #4,0,1,mavros: Battery,Low voltage,udp://127.0.0.1:14551@14555,Voltage,0.00,Current,-0.0,Remaining,-1.0
1538767986653961383,347,1538767986653551335,,0,mavros: FCU connection,connected,udp://127.0.0.1:14551@14555,Received packets:,9951,Dropped packets:,0,Buffer overruns:,0,Parse errors:,0,Rx sequence number:,102,Tx sequence number:,217,Rx total bytes:,1990774,Tx total bytes:,9919,Rx speed:,6125.000000,Tx speed:,21.000000,0,mavros: GPS,3D fix,udp://127.0.0.1:14551@14555,Satellites visible,16,Fix type,4,EPH (m),0.66,EPV (m),0.97,0,mavros: Heartbeat,Normal,udp://127.0.0.1:14551@14555,Heartbeats since startup,449,Frequency (Hz),0.959984,Vehicle type,Fixed wing aircraft,Autopilot type,ArduPilotMega / ArduCopter,Mode,GUIDED,System status,Active,2,mavros: System,Sensor helth,udp://127.0.0.1:14551@14555,Sensor present,0x0361FC3F,Sensor enabled,0x0161FC3F,Sensor helth,0x0171FC2B,3D gyro,Ok,3D accelerometer,Ok,3D magnetometer,Fail,absolute pressure,Ok,differential pressure,Fail,GPS,Ok,3D angular rate control,Ok,attitude stabilization,Ok,yaw position,Ok,z/altitude control,Ok,x/y position control,Ok,motor outputs / control,Ok,rc receiver,Ok,AHRS subsystem health,Ok,Terrain subsystem health,Ok,Logging,Ok,CPU Load (%),21.1,Drop rate (%),0.0,Errors comm,0,Errors count #1,0,Errors count #2,0,Errors count #3,0,Errors count #4,0,1,mavros: Battery,Low voltage,udp://127.0.0.1:14551@14555,Voltage,0.00,Current,-0.0,Remaining,-1.0
1538767987654439367,348,1538767987653794855,,0,mavros: FCU connection,connected,udp://127.0.0.1:14551@14555,Received packets:,10144,Dropped packets:,0,Buffer overruns:,0,Parse errors:,0,Rx sequence number:,37,Tx sequence number:,218,Rx total bytes:,1996467,Tx total bytes:,9940,Rx speed:,5693.000000,Tx speed:,21.000000,0,mavros: GPS,3D fix,udp://127.0.0.1:14551@14555,Satellites visible,15,Fix type,4,EPH (m),0.71,EPV (m),1.05,0,mavros: Heartbeat,Normal,udp://127.0.0.1:14551@14555,Heartbeats since startup,450,Frequency (Hz),0.999987,Vehicle type,Fixed wing aircraft,Autopilot type,ArduPilotMega / ArduCopter,Mode,GUIDED,System status,Active,2,mavros: System,Sensor helth,udp://127.0.0.1:14551@14555,Sensor present,0x0361FC3F,Sensor enabled,0x0161FC3F,Sensor helth,0x0171FC2B,3D gyro,Ok,3D accelerometer,Ok,3D magnetometer,Fail,absolute pressure,Ok,differential pressure,Fail,GPS,Ok,3D angular rate control,Ok,attitude stabilization,Ok,yaw position,Ok,z/altitude control,Ok,x/y position control,Ok,motor outputs / control,Ok,rc receiver,Ok,AHRS subsystem health,Ok,Terrain subsystem health,Ok,Logging,Ok,CPU Load (%),20.0,Drop rate (%),0.0,Errors comm,0,Errors count #1,0,Errors count #2,0,Errors count #3,0,Errors count #4,0,1,mavros: Battery,Low voltage,udp://127.0.0.1:14551@14555,Voltage,0.00,Current,-0.0,Remaining,-1.0
1538767989153682631,349,1538767989153203367,,0,mavros: FCU connection,connected,udp://127.0.0.1:14551@14555,Received packets:,10437,Dropped packets:,0,Buffer overruns:,0,Parse errors:,0,Rx sequence number:,70,Tx sequence number:,219,Rx total bytes:,2005002,Tx total bytes:,9961,Rx speed:,8535.000000,Tx speed:,21.000000,0,mavros: GPS,3D fix,udp://127.0.0.1:14551@14555,Satellites visible,15,Fix type,4,EPH (m),0.71,EPV (m),1.05,0,mavros: Heartbeat,Normal,udp://127.0.0.1:14551@14555,Heartbeats since startup,452,Frequency (Hz),1.000000,Vehicle type,Fixed wing aircraft,Autopilot type,ArduPilotMega / ArduCopter,Mode,GUIDED,System status,Active,2,mavros: System,Sensor helth,udp://127.0.0.1:14551@14555,Sensor present,0x0361FC3F,Sensor enabled,0x0161FC3F,Sensor helth,0x0171FC2B,3D gyro,Ok,3D accelerometer,Ok,3D magnetometer,Fail,absolute pressure,Ok,differential pressure,Fail,GPS,Ok,3D angular rate control,Ok,attitude stabilization,Ok,yaw position,Ok,z/altitude control,Ok,x/y position control,Ok,motor outputs / control,Ok,rc receiver,Ok,AHRS subsystem health,Ok,Terrain subsystem health,Ok,Logging,Ok,CPU Load (%),19.4,Drop rate (%),0.0,Errors comm,0,Errors count #1,0,Errors count #2,0,Errors count #3,0,Errors count #4,0,1,mavros: Battery,Low voltage,udp://127.0.0.1:14551@14555,Voltage,0.00,Current,-0.0,Remaining,-1.0
